[{
	"name": "American First - Kent Station",
	"address": "1289 Station DR",
	"cityState": "Kent, WA",
	"zip": "98032",
	"saturday": true
}, {
	"name": "American First - Downtown Seattle",
	"address": "123 Main St",
	"cityState": "Seattle, WA",
	"zip": "98121",
	"saturday": false
}, {
	"name": "American First - Tacoma",
	"address": "2109 Pacific Ave",
	"cityState": "Tacoma, WA",
	"zip": "98404",
	"saturday": true
}, {
	"name": "American First - Burien",
	"address": "15836 1st Ave",
	"cityState": "Burien, WA",
	"zip": "98148",
	"saturday": false
}]
